{
  "u_min": -0.7375375032424927,
  "u_median": -3.501772880554199e-07,
  "u_max": 1.154697060585022
}