{
  "dataset": {
    "seed": 42,
    "n_seqs": 24,
    "T_obs": 350,
    "dt": 0.02
  },
  "teacher_forced": {
    "linear": {
      "mse": 0.021070843562483788,
      "mean_r2": 0.4834339767694473,
      "per_protein_r2": [
        0.15011274814605713,
        0.4749254584312439,
        0.36242252588272095,
        0.8245505094528198,
        0.8154182434082031,
        0.3519819974899292,
        0.04741758108139038,
        0.9421103596687317,
        0.9032049775123596,
        0.1461414098739624,
        0.7620476484298706,
        0.0208742618560791
      ]
    },
    "sigmoid": {
      "mse": 0.03827020898461342,
      "mean_r2": 0.1322784125804901,
      "per_protein_r2": [
        -0.004867196083068848,
        0.16531842947006226,
        0.03961288928985596,
        0.3198978900909424,
        0.19062626361846924,
        0.027807950973510742,
        0.012622654438018799,
        0.2986830472946167,
        0.342856228351593,
        0.04595917463302612,
        0.154738187789917,
        -0.005914568901062012
      ]
    }
  },
  "open_loop": {
    "linear": {
      "mean_rollout_mse": 0.045189131827404104,
      "std_rollout_mse": 8.105745650171769e-05,
      "final_mse": 0.04641461372375488
    },
    "sigmoid": {
      "mean_rollout_mse": 0.04531071102246642,
      "std_rollout_mse": 7.49633367885075e-05,
      "final_mse": 0.046279534697532654
    }
  }
}