{
  "dataset": {
    "seed": 42,
    "n_seqs": 24,
    "T_obs": 400,
    "dt": null
  },
  "teacher_forced": {
    "Linear": {
      "mse": 0.03496437147259712,
      "mean_r2": 0.5283277283112208,
      "per_protein_r2": [
        0.1919739842414856,
        0.5964099168777466,
        0.3974619507789612,
        0.35629093647003174,
        0.5812702775001526,
        0.7677751183509827,
        0.6830730438232422,
        0.6050018072128296,
        0.6829465627670288,
        0.43470531702041626,
        0.5732793211936951,
        0.4697445034980774
      ]
    },
    "Sigmoid": {
      "mse": 0.06541134417057037,
      "mean_r2": 0.15033140778541565,
      "per_protein_r2": [
        0.031377196311950684,
        0.1518813967704773,
        0.10387778282165527,
        0.09649163484573364,
        0.14924389123916626,
        0.2700604200363159,
        0.20872193574905396,
        0.17492973804473877,
        0.24708229303359985,
        0.09837925434112549,
        0.1551225781440735,
        0.11680877208709717
      ]
    },
    "Mean": {
      "mse": 0.07770786434412003,
      "mean_r2": -0.00022971630096435547,
      "per_protein_r2": [
        -0.0003490447998046875,
        -1.6689300537109375e-06,
        -2.1457672119140625e-05,
        -9.417533874511719e-06,
        -0.00039768218994140625,
        -0.0003826618194580078,
        -0.00020170211791992188,
        -0.0006763935089111328,
        -7.510185241699219e-05,
        -0.00012159347534179688,
        -0.00038945674896240234,
        -0.0001304149627685547
      ]
    },
    "Identity": {
      "mse": 0.0005380098591558635,
      "mean_r2": 0.9921978712081909,
      "per_protein_r2": [
        0.9840256571769714,
        0.992893636226654,
        0.9926405549049377,
        0.992795467376709,
        0.9919267296791077,
        0.9938545227050781,
        0.9915221929550171,
        0.9949649572372437,
        0.9925909638404846,
        0.9910076260566711,
        0.9945686459541321,
        0.9935835003852844
      ]
    }
  },
  "open_loop": {
    "Linear": {
      "mean_rollout_mse": 0.0772281396202743,
      "std_rollout_mse": 0.010477115193145814,
      "final_mse": 0.07401371747255325
    },
    "Sigmoid": {
      "mean_rollout_mse": 0.07740358061467607,
      "std_rollout_mse": 0.010531967789744748,
      "final_mse": 0.07393667846918106
    },
    "Mean": {
      "mean_rollout_mse": 0.07743320443357031,
      "std_rollout_mse": 0.010563414169575885,
      "final_mse": 0.07398493587970734
    },
    "Identity": {
      "mean_rollout_mse": 0.13591925210009018,
      "std_rollout_mse": 0.038684381607738585,
      "final_mse": 0.20029902458190918
    }
  },
  "pattern_completion": {
    "gaussian": {
      "Linear": {
        "final_dist_to_ref": 0.9405182003974915,
        "final_dist_to_mean": 0.002020839136093855,
        "recovery_ratio": -0.9384973612613976
      },
      "Sigmoid": {
        "final_dist_to_ref": 0.9404935240745544,
        "final_dist_to_mean": 0.00820369366556406,
        "recovery_ratio": -0.9322898304089904
      },
      "Mean": {
        "final_dist_to_ref": 0.9403101205825806,
        "final_dist_to_mean": 0.0,
        "recovery_ratio": -0.9403101205825806
      }
    },
    "masking": {
      "Linear": {
        "final_dist_to_ref": 0.9405182003974915,
        "final_dist_to_mean": 0.002020839136093855,
        "recovery_ratio": -0.9384973612613976
      },
      "Sigmoid": {
        "final_dist_to_ref": 0.9404935240745544,
        "final_dist_to_mean": 0.00820369366556406,
        "recovery_ratio": -0.9322898304089904
      },
      "Mean": {
        "final_dist_to_ref": 0.9403101205825806,
        "final_dist_to_mean": 0.0,
        "recovery_ratio": -0.9403101205825806
      }
    }
  }
}