{
  "model_type": "linear",
  "learning_method": "hebbian",
  "seed": 42,
  "batch_size": 128,
  "lr": 0.001,
  "update_bias": true,
  "num_epochs": 500,
  "patience": 50,
  "epochs_trained": 500,
  "final_train_loss": 0.028111425738008518,
  "final_val_loss": 0.02777290530502796,
  "final_val_r2": 0.34274694323539734,
  "best_val_loss": 0.02777290530502796,
  "per_protein_r2": [
    0.05020773410797119,
    0.38082224130630493,
    0.13798308372497559,
    0.6542700529098511,
    0.5407310724258423,
    0.11469292640686035,
    0.04544621706008911,
    0.7876349091529846,
    0.7560968995094299,
    0.12202602624893188,
    0.5194030404090881,
    0.003649413585662842
  ],
  "dataset_seed": 42,
  "dataset_dt": 0.02,
  "dataset_T_obs": 350,
  "dataset_n_seqs": 24
}