{
  "mse_linear_rollout": 0.05223286896944046,
  "mse_sigmoid_rollout": 0.03398469090461731
}