{
  "model_type": "linear",
  "seed": 42,
  "batch_size": 128,
  "lr": 0.001,
  "num_epochs": 500,
  "patience": 50,
  "epochs_trained": 500,
  "final_train_loss": 0.009323210424433152,
  "final_val_loss": 0.009174764342606067,
  "best_val_loss": 0.009174764342606067,
  "dataset_seed": 42,
  "dataset_dt": null,
  "dataset_T_obs": 400,
  "dataset_n_seqs": 24
}