{
  "model_type": "linear",
  "seed": 42,
  "batch_size": 128,
  "lr": 0.001,
  "num_epochs": 500,
  "patience": 50,
  "epochs_trained": 500,
  "final_train_loss": 0.021330147208470217,
  "final_val_loss": 0.020998647835637842,
  "best_val_loss": 0.020998647835637842,
  "dataset_seed": 42,
  "dataset_dt": 0.02,
  "dataset_T_obs": 350,
  "dataset_n_seqs": 24
}