{
  "model_type": "linear",
  "learning_method": "hebbian",
  "seed": 42,
  "batch_size": 128,
  "lr": 0.001,
  "update_bias": true,
  "num_epochs": 500,
  "patience": 50,
  "epochs_trained": 500,
  "final_train_loss": 0.03505837849030892,
  "final_val_loss": 0.03496384248137474,
  "final_val_r2": 0.5283123254776001,
  "best_val_loss": 0.03496437147259712,
  "per_protein_r2": [
    0.19197428226470947,
    0.5964099168777466,
    0.39746081829071045,
    0.35629159212112427,
    0.5812703371047974,
    0.7677753567695618,
    0.6830728650093079,
    0.6050026416778564,
    0.6829463243484497,
    0.43470585346221924,
    0.5732791423797607,
    0.46974456310272217
  ],
  "dataset_seed": 42,
  "dataset_dt": null,
  "dataset_T_obs": 400,
  "dataset_n_seqs": 24
}