{
  "dataset": {
    "seed": 42,
    "n_seqs": 24,
    "T_obs": 350,
    "dt": 0.02
  },
  "teacher_forced": {
    "Linear": {
      "mse": 0.027772903442382812,
      "mean_r2": 0.34274736046791077,
      "per_protein_r2": [
        0.0502091646194458,
        0.3808223009109497,
        0.1379835605621338,
        0.6542697548866272,
        0.5407311916351318,
        0.11469268798828125,
        0.04544550180435181,
        0.7876346707344055,
        0.7560972571372986,
        0.1220276951789856,
        0.5194035172462463,
        0.0036510229110717773
      ]
    },
    "Sigmoid": {
      "mse": 0.03902526572346687,
      "mean_r2": 0.11829785009225209,
      "per_protein_r2": [
        0.01972675323486328,
        0.16376590728759766,
        0.045040905475616455,
        0.25030553340911865,
        0.16931235790252686,
        0.05520129203796387,
        0.013844311237335205,
        0.24348026514053345,
        0.2857379913330078,
        0.02804434299468994,
        0.1434270143508911,
        0.0016875267028808594
      ]
    },
    "Mean": {
      "mse": 0.04491009935736656,
      "mean_r2": -0.00030305981636047363,
      "per_protein_r2": [
        -0.000638127326965332,
        -1.0251998901367188e-05,
        -4.649162292480469e-05,
        -1.3232231140136719e-05,
        -4.1365623474121094e-05,
        -0.00011777877807617188,
        -9.393692016601562e-05,
        -6.73532485961914e-05,
        -3.337860107421875e-06,
        -0.0024892091751098633,
        -1.6689300537109375e-06,
        -0.00011396408081054688
      ]
    },
    "Identity": {
      "mse": 0.12934310734272003,
      "mean_r2": -1.8177039225896199,
      "per_protein_r2": [
        -1.990525245666504,
        -2.059473991394043,
        -2.0143015384674072,
        -2.055022954940796,
        -2.031846046447754,
        -1.9931445121765137,
        -0.6961480379104614,
        -2.061105728149414,
        -2.056934118270874,
        -0.7792981863021851,
        -2.0562844276428223,
        -2.018362283706665
      ]
    }
  },
  "open_loop": {
    "Linear": {
      "mean_rollout_mse": 0.04518471239134669,
      "std_rollout_mse": 7.611741012850114e-05,
      "final_mse": 0.04648527503013611
    },
    "Sigmoid": {
      "mean_rollout_mse": 0.0451638155306379,
      "std_rollout_mse": 7.434873147023837e-05,
      "final_mse": 0.0463867224752903
    },
    "Mean": {
      "mean_rollout_mse": 0.045160606037825346,
      "std_rollout_mse": 7.252604241798388e-05,
      "final_mse": 0.04644745960831642
    },
    "Identity": {
      "mean_rollout_mse": 0.05743514265244206,
      "std_rollout_mse": 0.005050934926611681,
      "final_mse": 0.052998390048742294
    }
  },
  "pattern_completion": {
    "gaussian": {
      "Linear": {
        "final_dist_to_ref": 0.7265306115150452,
        "final_dist_to_mean": 0.016195492818951607,
        "recovery_ratio": -0.7103351186960936
      },
      "Sigmoid": {
        "final_dist_to_ref": 0.7263750433921814,
        "final_dist_to_mean": 0.006723530124872923,
        "recovery_ratio": -0.7196515132673085
      },
      "Mean": {
        "final_dist_to_ref": 0.7269858717918396,
        "final_dist_to_mean": 0.0,
        "recovery_ratio": -0.7269858717918396
      }
    },
    "masking": {
      "Linear": {
        "final_dist_to_ref": 0.7265306115150452,
        "final_dist_to_mean": 0.016195492818951607,
        "recovery_ratio": -0.7103351186960936
      },
      "Sigmoid": {
        "final_dist_to_ref": 0.7263750433921814,
        "final_dist_to_mean": 0.006723530124872923,
        "recovery_ratio": -0.7196515132673085
      },
      "Mean": {
        "final_dist_to_ref": 0.7269858717918396,
        "final_dist_to_mean": 0.0,
        "recovery_ratio": -0.7269858717918396
      }
    }
  }
}