{
  "seed": 42,
  "n_seqs": 24,
  "T_obs": 400,
  "state_dim": 12,
  "proteins": [
    "Myc",
    "Cdh1",
    "p27",
    "Rb",
    "CycD",
    "E2F",
    "SCF",
    "CycE",
    "CycA",
    "NFY",
    "CycB",
    "Cdc20"
  ],
  "simulator": "phase_dynamics_attractor",
  "dwell_time": 80,
  "jump_prob": 0.02,
  "relaxation_rate": 0.3,
  "noise_std": 0.015,
  "n_train_transitions": 7660,
  "n_val_transitions": 1915,
  "n_test_transitions": 1,
  "phase_states": {
    "G1": [
      0.30000001192092896,
      0.8500000238418579,
      0.800000011920929,
      0.8500000238418579,
      0.15000000596046448,
      0.10000000149011612,
      0.20000000298023224,
      0.10000000149011612,
      0.05000000074505806,
      0.15000000596046448,
      0.05000000074505806,
      0.10000000149011612
    ],
    "S": [
      0.6000000238418579,
      0.15000000596046448,
      0.15000000596046448,
      0.20000000298023224,
      0.699999988079071,
      0.8500000238418579,
      0.75,
      0.8999999761581421,
      0.5,
      0.4000000059604645,
      0.10000000149011612,
      0.10000000149011612
    ],
    "G2": [
      0.44999998807907104,
      0.10000000149011612,
      0.10000000149011612,
      0.15000000596046448,
      0.4000000059604645,
      0.5,
      0.5,
      0.30000001192092896,
      0.8500000238418579,
      0.800000011920929,
      0.6000000238418579,
      0.15000000596046448
    ],
    "M": [
      0.25,
      0.20000000298023224,
      0.10000000149011612,
      0.10000000149011612,
      0.20000000298023224,
      0.25,
      0.30000001192092896,
      0.10000000149011612,
      0.4000000059604645,
      0.5,
      0.8999999761581421,
      0.8500000238418579
    ]
  }
}