{
  "model_type": "sigmoid",
  "learning_method": "hebbian",
  "seed": 42,
  "batch_size": 128,
  "lr": 0.001,
  "update_bias": true,
  "num_epochs": 500,
  "patience": 50,
  "epochs_trained": 500,
  "final_train_loss": 0.03944403101813118,
  "final_val_loss": 0.039025042206048965,
  "final_val_r2": 0.11830409616231918,
  "best_val_loss": 0.03902526944875717,
  "per_protein_r2": [
    0.01972728967666626,
    0.16376560926437378,
    0.04504072666168213,
    0.2503059506416321,
    0.16931140422821045,
    0.05519986152648926,
    0.013844549655914307,
    0.2434808611869812,
    0.28573697805404663,
    0.028043746948242188,
    0.143426775932312,
    0.001687467098236084
  ],
  "dataset_seed": 42,
  "dataset_dt": 0.02,
  "dataset_T_obs": 350,
  "dataset_n_seqs": 24
}