{
  "u_min": -17.074745178222656,
  "u_median": -2.6290080547332764,
  "u_max": -0.007961094379425049
}