{
  "model_type": "sigmoid",
  "learning_method": "hebbian",
  "seed": 42,
  "batch_size": 128,
  "lr": 0.001,
  "update_bias": true,
  "num_epochs": 500,
  "patience": 50,
  "epochs_trained": 420,
  "final_train_loss": 0.06538700889796019,
  "final_val_loss": 0.06541194766759872,
  "final_val_r2": 0.15029484033584595,
  "best_val_loss": 0.06541134417057037,
  "per_protein_r2": [
    0.03137767314910889,
    0.15188133716583252,
    0.1038774847984314,
    0.0964922308921814,
    0.14924395084381104,
    0.27006059885025024,
    0.20872080326080322,
    0.17492985725402832,
    0.2470826506614685,
    0.09837979078292847,
    0.15512120723724365,
    0.11680960655212402
  ],
  "dataset_seed": 42,
  "dataset_dt": null,
  "dataset_T_obs": 400,
  "dataset_n_seqs": 24
}